player,pos,age,game_date,league_id,team,game_location,opp,game_result,game_num,week_num,game_day_of_week,pass_cmp,pass_att,pass_cmp_perc,pass_yds,pass_td,pass_int,pass_rating,pass_sacked,pass_sacked_yds,pass_yds_per_att,pass_adj_yds_per_att
Matt Ryan,QB,33.112,2018-09-06,NFL,ATL,@,PHI,L 12-18,1,1,Thu,21,43,48.84,251,0,1,57.4,4,26,5.84,4.79
Nathan Peterman,QB,24.128,2018-09-09,NFL,BUF,@,BAL,L 3-47,1,1,Sun,5,18,27.78,24,0,2,0.0,3,12,1.33,-3.67
Josh Allen,QB,22.111,2018-09-09,NFL,BUF,@,BAL,L 3-47,1,1,Sun,6,15,40.00,74,0,0,56.0,3,16,4.93,4.93
Cam Newton,QB,29.121,2018-09-09,NFL,CAR,,DAL,W 16-8,1,1,Sun,17,26,65.38,161,0,0,82.4,3,15,6.19,6.19
Mitchell Trubisky,QB,24.020,2018-09-09,NFL,CHI,@,GNB,L 23-24,1,1,Sun,23,35,65.71,171,0,0,77.2,4,16,4.89,4.89
Andy Dalton,QB,30.315,2018-09-09,NFL,CIN,@,IND,W 34-23,1,1,Sun,21,28,75.00,243,2,1,109.7,2,14,8.68,8.50
Tyrod Taylor,QB,29.037,2018-09-09,NFL,CLE,,PIT,T 21-21,1,1,Sun,15,40,37.50,197,1,1,51.8,7,47,4.93,4.30
Dak Prescott,QB,25.042,2018-09-09,NFL,DAL,@,CAR,L 8-16,1,1,Sun,19,29,65.52,170,0,0,81.1,6,32,5.86,5.86
Case Keenum,QB,30.204,2018-09-09,NFL,DEN,,SEA,W 27-24,1,1,Sun,25,39,64.10,329,3,3,84.2,1,5,8.44,6.51
Matthew Stafford,QB,30.215,2018-09-10,NFL,DET,,NYJ,L 17-48,1,1,Mon,27,46,58.70,286,1,4,47.9,0,0,6.22,2.74
Matt Cassel,QB,36.116,2018-09-10,NFL,DET,,NYJ,L 17-48,1,1,Mon,2,6,33.33,14,0,1,2.8,0,0,2.33,-5.17
Aaron Rodgers,QB,34.281,2018-09-09,NFL,GNB,,CHI,W 24-23,1,1,Sun,20,30,66.67,286,3,0,130.7,2,19,9.53,11.53
DeShone Kizer,QB,22.249,2018-09-09,NFL,GNB,,CHI,W 24-23,1,1,Sun,4,7,57.14,55,0,1,42.9,2,21,7.86,1.43
Blake Bortles,QB,26.134,2018-09-09,NFL,JAX,@,NYG,W 20-15,1,1,Sun,18,33,54.55,176,1,1,67.2,1,8,5.33,4.58
Patrick Mahomes,QB,22.357,2018-09-09,NFL,KAN,@,LAC,W 38-28,1,1,Sun,15,27,55.56,256,4,0,127.5,1,0,9.48,12.44
Ryan Tannehill,QB,30.044,2018-09-09,NFL,MIA,,TEN,W 27-20,1,1,Sun,20,28,71.43,230,2,2,89.9,1,8,8.21,6.43
Kirk Cousins,QB,30.021,2018-09-09,NFL,MIN,,SFO,W 24-16,1,1,Sun,20,36,55.56,244,2,0,95.1,3,17,6.78,7.89
Drew Brees,QB,39.237,2018-09-09,NFL,NOR,,TAM,L 40-48,1,1,Sun,37,45,82.22,439,3,0,129.5,1,7,9.76,11.09
Tom Brady,QB,41.037,2018-09-09,NFL,NWE,,HOU,W 27-20,1,1,Sun,26,39,66.67,277,3,1,102.2,2,10,7.10,7.49
Sam Darnold,QB,21.097,2018-09-10,NFL,NYJ,@,DET,W 48-17,1,1,Mon,16,21,76.19,198,2,1,116.8,2,18,9.43,9.19
Nick Foles,QB,29.229,2018-09-06,NFL,PHI,,ATL,W 18-12,1,1,Thu,19,34,55.88,117,0,1,50.7,2,13,3.44,2.12
Nelson Agholor,WR,25.105,2018-09-06,NFL,PHI,,ATL,W 18-12,1,1,Thu,1,1,100.00,15,0,0,118.7,0,0,15.00,15.00
Ben Roethlisberger,QB,36.191,2018-09-09,NFL,PIT,@,CLE,T 21-21,1,1,Sun,23,41,56.10,335,1,3,60.5,4,22,8.17,5.37
Russell Wilson,QB,29.284,2018-09-09,NFL,SEA,@,DEN,L 24-27,1,1,Sun,19,33,57.58,298,3,2,92.7,6,56,9.03,8.12
Jimmy Garoppolo,QB,26.311,2018-09-09,NFL,SFO,@,MIN,L 16-24,1,1,Sun,15,33,45.45,261,1,3,45.1,3,24,7.91,4.42
Ryan Fitzpatrick,QB,35.289,2018-09-09,NFL,TAM,@,NOR,W 48-40,1,1,Sun,21,28,75.00,417,4,0,156.2,0,0,14.89,17.75
Alex Smith,QB,34.125,2018-09-09,NFL,WAS,@,ARI,W 24-6,1,1,Sun,21,30,70.00,255,2,0,118.1,3,8,8.50,9.83
Matt Ryan,QB,33.122,2018-09-16,NFL,ATL,,CAR,W 31-24,2,2,Sun,23,28,82.14,272,2,1,116.1,0,0,9.71,9.54
Josh Allen,QB,22.118,2018-09-16,NFL,BUF,,LAC,L 20-31,2,2,Sun,18,33,54.55,245,1,2,63.3,5,36,7.42,5.30
Cam Newton,QB,29.128,2018-09-16,NFL,CAR,@,ATL,L 24-31,2,2,Sun,32,45,71.11,335,3,1,105.3,2,17,7.44,7.78
Mitchell Trubisky,QB,24.028,2018-09-17,NFL,CHI,,SEA,W 24-17,2,2,Mon,25,34,73.53,200,2,2,83.0,2,15,5.88,4.41
Andy Dalton,QB,30.319,2018-09-13,NFL,CIN,,BAL,W 34-23,2,2,Thu,24,42,57.14,265,4,0,107.7,0,0,6.31,8.21
Tyrod Taylor,QB,29.044,2018-09-16,NFL,CLE,@,NOR,L 18-21,2,2,Sun,22,30,73.33,246,1,1,94.6,3,12,8.20,7.37
Dak Prescott,QB,25.049,2018-09-16,NFL,DAL,,NYG,W 20-13,2,2,Sun,16,25,64.00,160,1,0,95.4,0,0,6.40,7.20
Case Keenum,QB,30.211,2018-09-16,NFL,DEN,,OAK,W 20-19,2,2,Sun,19,35,54.29,222,0,1,61.8,1,5,6.34,5.06
Matthew Stafford,QB,30.221,2018-09-16,NFL,DET,@,SFO,L 27-30,2,2,Sun,34,53,64.15,347,3,0,101.7,2,18,6.55,7.68
Aaron Rodgers,QB,34.288,2018-09-16,NFL,GNB,,MIN,T 29-29,2,2,Sun,30,42,71.43,281,1,0,97.4,4,28,6.69,7.17
Blake Bortles,QB,26.141,2018-09-16,NFL,JAX,,NWE,W 31-20,2,2,Sun,29,45,64.44,376,4,1,111.0,0,0,8.36,9.13
Patrick Mahomes,QB,22.364,2018-09-16,NFL,KAN,@,PIT,W 42-37,2,2,Sun,23,28,82.14,326,6,0,154.8,1,4,11.64,15.93
Ryan Tannehill,QB,30.051,2018-09-16,NFL,MIA,@,NYJ,W 20-12,2,2,Sun,17,23,73.91,168,2,0,123.1,4,46,7.30,9.04
Kirk Cousins,QB,30.028,2018-09-16,NFL,MIN,@,GNB,T 29-29,2,2,Sun,35,48,72.92,425,4,1,118.8,2,13,8.85,9.58
Drew Brees,QB,39.244,2018-09-16,NFL,NOR,,CLE,W 21-18,2,2,Sun,28,35,80.00,243,2,0,114.6,3,30,6.94,8.09
Tom Brady,QB,41.044,2018-09-16,NFL,NWE,@,JAX,L 20-31,2,2,Sun,24,35,68.57,234,2,0,106.1,2,14,6.69,7.83
Sam Darnold,QB,21.103,2018-09-16,NFL,NYJ,,MIA,L 12-20,2,2,Sun,25,41,60.98,334,1,2,74.6,3,14,8.15,6.44
Nick Foles,QB,29.239,2018-09-16,NFL,PHI,@,TAM,L 21-27,2,2,Sun,35,48,72.92,334,1,0,98.8,3,13,6.96,7.38
Ben Roethlisberger,QB,36.198,2018-09-16,NFL,PIT,,KAN,L 37-42,2,2,Sun,39,60,65.00,452,3,0,104.3,1,10,7.53,8.53
Russell Wilson,QB,29.292,2018-09-17,NFL,SEA,@,CHI,L 17-24,2,2,Mon,22,36,61.11,226,2,1,86.1,6,24,6.28,6.14
Jimmy Garoppolo,QB,26.318,2018-09-16,NFL,SFO,,DET,W 30-27,2,2,Sun,18,26,69.23,206,2,0,118.4,6,50,7.92,9.46
Ryan Fitzpatrick,QB,35.296,2018-09-16,NFL,TAM,,PHI,W 27-21,2,2,Sun,27,33,81.82,402,4,1,144.4,2,9,12.18,13.24
Alex Smith,QB,34.132,2018-09-16,NFL,WAS,,IND,L 9-21,2,2,Sun,33,46,71.74,292,0,0,88.3,3,23,6.35,6.35
Matt Ryan,QB,33.129,2018-09-23,NFL,ATL,,NOR,L 37-43,3,3,Sun,26,35,74.29,374,5,0,148.1,3,15,10.69,13.54
Josh Allen,QB,22.125,2018-09-23,NFL,BUF,@,MIN,W 27-6,3,3,Sun,15,22,68.18,196,1,0,111.2,3,32,8.91,9.82
Cam Newton,QB,29.135,2018-09-23,NFL,CAR,,CIN,W 31-21,3,3,Sun,15,24,62.50,150,2,0,108.0,1,3,6.25,7.92
Mitchell Trubisky,QB,24.034,2018-09-23,NFL,CHI,@,ARI,W 16-14,3,3,Sun,24,35,68.57,220,0,1,73.5,3,26,6.29,5.00
Andy Dalton,QB,30.329,2018-09-23,NFL,CIN,@,CAR,L 21-31,3,3,Sun,29,46,63.04,352,2,4,64.8,2,22,7.65,4.61
Tyrod Taylor,QB,29.048,2018-09-20,NFL,CLE,,NYJ,W 21-17,3,3,Thu,4,14,28.57,19,0,0,39.6,3,22,1.36,1.36
Baker Mayfield,QB,23.159,2018-09-20,NFL,CLE,,NYJ,W 21-17,3,3,Thu,17,23,73.91,201,0,0,100.1,1,8,8.74,8.74
Dak Prescott,QB,25.056,2018-09-23,NFL,DAL,@,SEA,L 13-24,3,3,Sun,19,34,55.88,168,1,2,54.5,5,31,4.94,2.88
Case Keenum,QB,30.218,2018-09-23,NFL,DEN,@,BAL,L 14-27,3,3,Sun,22,34,64.71,192,0,1,67.3,3,19,5.65,4.32
Matthew Stafford,QB,30.228,2018-09-23,NFL,DET,,NWE,W 26-10,3,3,Sun,27,36,75.00,262,2,1,101.9,1,7,7.28,7.14
JK Scott,P,21.328,2018-09-23,NFL,GNB,@,WAS,L 17-31,3,3,Sun,0,1,0.00,0,0,0,39.6,0,0,0.00,0.00
Aaron Rodgers,QB,34.295,2018-09-23,NFL,GNB,@,WAS,L 17-31,3,3,Sun,27,44,61.36,265,2,0,93.5,4,25,6.02,6.93
Blake Bortles,QB,26.148,2018-09-23,NFL,JAX,,TEN,L 6-9,3,3,Sun,21,34,61.76,155,0,0,72.5,3,10,4.56,4.56
Patrick Mahomes,QB,23.006,2018-09-23,NFL,KAN,,SFO,W 38-27,3,3,Sun,24,38,63.16,314,3,0,115.5,2,7,8.26,9.84
Albert Wilson,WR,26.073,2018-09-23,NFL,MIA,,OAK,W 28-20,3,3,Sun,1,1,100.00,52,1,0,158.3,0,0,52.00,72.00
Ryan Tannehill,QB,30.058,2018-09-23,NFL,MIA,,OAK,W 28-20,3,3,Sun,17,23,73.91,289,3,0,155.3,1,9,12.57,15.17
Kirk Cousins,QB,30.035,2018-09-23,NFL,MIN,,BUF,L 6-27,3,3,Sun,40,55,72.73,296,1,1,83.6,4,18,5.38,4.93
Drew Brees,QB,39.251,2018-09-23,NFL,NOR,@,ATL,W 43-37,3,3,Sun,39,49,79.59,396,3,0,120.7,1,5,8.08,9.31
Tom Brady,QB,41.051,2018-09-23,NFL,NWE,@,DET,L 10-26,3,3,Sun,14,26,53.85,133,1,1,65.1,2,13,5.12,4.15
Sam Darnold,QB,21.107,2018-09-20,NFL,NYJ,@,CLE,L 17-21,3,3,Thu,15,31,48.39,169,0,2,38.2,2,8,5.45,2.55
Carson Wentz,QB,25.267,2018-09-23,NFL,PHI,,IND,W 20-16,3,3,Sun,25,37,67.57,255,1,1,84.9,5,28,6.89,6.22
Ben Roethlisberger,QB,36.206,2018-09-24,NFL,PIT,@,TAM,W 30-27,3,3,Mon,30,38,78.95,353,3,1,120.7,3,18,9.29,9.68
Russell Wilson,QB,29.298,2018-09-23,NFL,SEA,,DAL,W 24-13,3,3,Sun,16,26,61.54,192,2,0,109.8,2,10,7.38,8.92
Jimmy Garoppolo,QB,26.325,2018-09-23,NFL,SFO,@,KAN,L 27-38,3,3,Sun,20,30,66.67,251,2,0,114.7,4,23,8.37,9.70
Ryan Fitzpatrick,QB,35.304,2018-09-24,NFL,TAM,,PIT,L 27-30,3,3,Mon,30,50,60.00,411,3,3,81.3,3,19,8.22,6.72
Alex Smith,QB,34.139,2018-09-23,NFL,WAS,,GNB,W 31-17,3,3,Sun,12,20,60.00,220,2,1,110.4,0,0,11.00,10.75
Matt Ryan,QB,33.136,2018-09-30,NFL,ATL,,CIN,L 36-37,4,4,Sun,29,39,74.36,419,3,0,134.5,3,16,10.74,12.28
Josh Allen,QB,22.132,2018-09-30,NFL,BUF,@,GNB,L 0-22,4,4,Sun,16,33,48.48,151,0,2,36.3,7,64,4.58,1.85
Mitchell Trubisky,QB,24.041,2018-09-30,NFL,CHI,,TAM,W 48-10,4,4,Sun,19,26,73.08,354,6,0,154.6,1,10,13.62,18.23
Andy Dalton,QB,30.336,2018-09-30,NFL,CIN,@,ATL,W 37-36,4,4,Sun,29,41,70.73,337,3,1,109.5,3,29,8.22,8.59
Baker Mayfield,QB,23.169,2018-09-30,NFL,CLE,@,OAK,L 42-45,4,4,Sun,21,41,51.22,295,2,2,70.7,2,16,7.20,5.98
Dak Prescott,QB,25.063,2018-09-30,NFL,DAL,,DET,W 26-24,4,4,Sun,17,27,62.96,255,2,0,118.6,3,24,9.44,10.93
Case Keenum,QB,30.226,2018-10-01,NFL,DEN,,KAN,L 23-27,4,4,Mon,21,33,63.64,245,0,1,73.4,4,19,7.42,6.06
Matthew Stafford,QB,30.235,2018-09-30,NFL,DET,@,DAL,L 24-26,4,4,Sun,24,30,80.00,307,2,0,131.5,3,21,10.23,11.57
Aaron Rodgers,QB,34.302,2018-09-30,NFL,GNB,,BUF,W 22-0,4,4,Sun,22,40,55.00,298,1,1,76.9,2,16,7.45,6.83
Blake Bortles,QB,26.155,2018-09-30,NFL,JAX,,NYJ,W 31-12,4,4,Sun,29,38,76.32,388,2,1,114.8,2,11,10.21,10.08
Patrick Mahomes,QB,23.014,2018-10-01,NFL,KAN,@,DEN,W 27-23,4,4,Mon,28,45,62.22,304,1,0,89.5,1,0,6.76,7.20
Ryan Tannehill,QB,30.065,2018-09-30,NFL,MIA,@,NWE,L 7-38,4,4,Sun,11,20,55.00,100,0,1,47.9,2,19,5.00,2.75
Brock Osweiler,QB,27.312,2018-09-30,NFL,MIA,@,NWE,L 7-38,4,4,Sun,4,5,80.00,35,1,0,135.4,0,0,7.00,11.00
Kirk Cousins,QB,30.039,2018-09-27,NFL,MIN,@,LAR,L 31-38,4,4,Thu,36,50,72.00,422,3,0,117.2,4,30,8.44,9.64
Taysom Hill,QB,28.038,2018-09-30,NFL,NOR,@,NYG,W 33-18,4,4,Sun,1,2,50.00,10,0,0,64.6,0,0,5.00,5.00
Drew Brees,QB,39.258,2018-09-30,NFL,NOR,@,NYG,W 33-18,4,4,Sun,18,32,56.25,217,0,0,77.2,1,8,6.78,6.78
Tom Brady,QB,41.058,2018-09-30,NFL,NWE,,MIA,W 38-7,4,4,Sun,23,35,65.71,274,3,2,94.2,0,0,7.83,6.97
Sam Darnold,QB,21.117,2018-09-30,NFL,NYJ,@,JAX,L 12-31,4,4,Sun,17,34,50.00,167,1,0,74.0,3,23,4.91,5.50
Carson Wentz,QB,25.274,2018-09-30,NFL,PHI,@,TEN,L 23-26,4,4,Sun,33,50,66.00,348,2,0,99.4,4,33,6.96,7.76
Ben Roethlisberger,QB,36.212,2018-09-30,NFL,PIT,,BAL,L 14-26,4,4,Sun,27,47,57.45,274,1,1,72.5,1,9,5.83,5.30
Russell Wilson,QB,29.305,2018-09-30,NFL,SEA,@,ARI,W 20-17,4,4,Sun,19,26,73.08,172,0,0,90.5,2,12,6.62,6.62
C.J. Beathard,QB,24.318,2018-09-30,NFL,SFO,@,LAC,L 27-29,4,4,Sun,23,37,62.16,298,2,2,82.9,1,10,8.05,6.70
Jameis Winston,QB,24.267,2018-09-30,NFL,TAM,@,CHI,L 10-48,4,4,Sun,16,20,80.00,145,1,2,74.0,2,11,7.25,3.75
Ryan Fitzpatrick,QB,35.310,2018-09-30,NFL,TAM,@,CHI,L 10-48,4,4,Sun,9,18,50.00,126,0,1,49.8,2,9,7.00,4.50
Matt Schaub,QB,37.104,2018-10-07,NFL,ATL,@,PIT,L 17-41,5,5,Sun,5,7,71.43,20,0,0,74.1,0,0,2.86,2.86
Matt Ryan,QB,33.143,2018-10-07,NFL,ATL,@,PIT,L 17-41,5,5,Sun,26,38,68.42,285,1,0,99.1,6,43,7.50,8.03
Corey Bojorquez,P,22.024,2018-10-07,NFL,BUF,,TEN,W 13-12,5,5,Sun,0,1,0.00,0,0,0,39.6,0,0,0.00,0.00
Josh Allen,QB,22.139,2018-10-07,NFL,BUF,,TEN,W 13-12,5,5,Sun,10,19,52.63,82,0,1,42.0,1,3,4.32,1.95
Cam Newton,QB,29.149,2018-10-07,NFL,CAR,,NYG,W 33-31,4,5,Sun,21,35,60.00,237,2,2,75.5,1,5,6.77,5.34
Andy Dalton,QB,30.343,2018-10-07,NFL,CIN,,MIA,W 27-17,5,5,Sun,20,30,66.67,248,1,1,89.3,2,19,8.27,7.43
Baker Mayfield,QB,23.176,2018-10-07,NFL,CLE,,BAL,W 12-9,5,5,Sun,25,43,58.14,342,1,1,81.7,5,38,7.95,7.37
Dak Prescott,QB,25.070,2018-10-07,NFL,DAL,@,HOU,L 16-19,5,5,Sun,18,29,62.07,208,1,2,66.5,2,14,7.17,4.76
Case Keenum,QB,30.232,2018-10-07,NFL,DEN,@,NYJ,L 16-34,5,5,Sun,35,51,68.63,377,2,1,95.0,4,33,7.39,7.29
Matthew Stafford,QB,30.242,2018-10-07,NFL,DET,,GNB,W 31-23,5,5,Sun,14,26,53.85,183,2,0,101.9,3,13,7.04,8.58
Aaron Rodgers,QB,34.309,2018-10-07,NFL,GNB,@,DET,L 23-31,5,5,Sun,32,52,61.54,442,3,0,108.0,4,19,8.50,9.65
Blake Bortles,QB,26.162,2018-10-07,NFL,JAX,@,KAN,L 14-30,5,5,Sun,33,61,54.10,430,1,4,54.7,5,29,7.05,4.43
Patrick Mahomes,QB,23.020,2018-10-07,NFL,KAN,,JAX,W 30-14,5,5,Sun,22,38,57.89,313,0,2,62.7,1,15,8.24,5.87
Ryan Tannehill,QB,30.072,2018-10-07,NFL,MIA,@,CIN,L 17-27,5,5,Sun,20,35,57.14,185,1,2,57.4,3,16,5.29,3.29
Kirk Cousins,QB,30.049,2018-10-07,NFL,MIN,@,PHI,W 23-21,5,5,Sun,30,37,81.08,301,1,0,109.6,1,3,8.14,8.68
Drew Brees,QB,39.266,2018-10-08,NFL,NOR,,WAS,W 43-19,5,5,Mon,26,29,89.66,363,3,0,153.2,2,14,12.52,14.59
Tom Brady,QB,41.062,2018-10-04,NFL,NWE,,IND,W 38-24,5,5,Thu,34,44,77.27,341,3,2,102.6,0,0,7.75,7.07
Sam Darnold,QB,21.124,2018-10-07,NFL,NYJ,,DEN,W 34-16,5,5,Sun,10,22,45.45,198,3,1,98.1,1,9,9.00,9.68
Carson Wentz,QB,25.281,2018-10-07,NFL,PHI,,MIN,L 21-23,5,5,Sun,24,35,68.57,311,2,0,115.3,3,28,8.89,10.03
Ben Roethlisberger,QB,36.219,2018-10-07,NFL,PIT,,ATL,W 41-17,5,5,Sun,19,29,65.52,250,3,1,112.7,0,0,8.62,9.14
Russell Wilson,QB,29.312,2018-10-07,NFL,SEA,,LAR,L 31-33,5,5,Sun,13,21,61.90,198,3,0,132.5,2,15,9.43,12.29
C.J. Beathard,QB,24.325,2018-10-07,NFL,SFO,,ARI,L 18-28,5,5,Sun,34,54,62.96,349,2,2,78.4,4,49,6.46,5.54
Alex Smith,QB,34.154,2018-10-08,NFL,WAS,@,NOR,L 19-43,4,5,Mon,23,39,58.97,275,0,1,69.9,3,31,7.05,5.90
Matt Ryan,QB,33.150,2018-10-14,NFL,ATL,,TAM,W 34-29,6,6,Sun,31,41,75.61,355,3,0,125.6,1,8,8.66,10.12
Nathan Peterman,QB,24.163,2018-10-14,NFL,BUF,@,HOU,L 13-20,6,6,Sun,6,12,50.00,61,1,2,53.1,0,0,5.08,-0.75
Josh Allen,QB,22.146,2018-10-14,NFL,BUF,@,HOU,L 13-20,6,6,Sun,10,17,58.82,84,0,0,71.7,2,16,4.94,4.94
Cam Newton,QB,29.156,2018-10-14,NFL,CAR,@,WAS,L 17-23,5,6,Sun,27,40,67.50,275,2,1,93.2,1,6,6.88,6.75
Mitchell Trubisky,QB,24.055,2018-10-14,NFL,CHI,@,MIA,L 28-31,5,6,Sun,22,31,70.97,316,3,1,122.5,2,13,10.19,10.68
Andy Dalton,QB,30.350,2018-10-14,NFL,CIN,,PIT,L 21-28,6,6,Sun,26,42,61.90,229,2,0,92.3,3,16,5.45,6.40
Baker Mayfield,QB,23.183,2018-10-14,NFL,CLE,,LAC,L 14-38,6,6,Sun,22,46,47.83,238,1,2,52.6,5,24,5.17,3.65
Dak Prescott,QB,25.077,2018-10-14,NFL,DAL,,JAX,W 40-7,6,6,Sun,17,27,62.96,183,2,0,107.5,3,11,6.78,8.26
Case Keenum,QB,30.239,2018-10-14,NFL,DEN,,LAR,L 20-23,6,6,Sun,25,41,60.98,322,2,1,91.7,2,25,7.85,7.73
Aaron Rodgers,QB,34.317,2018-10-15,NFL,GNB,,SFO,W 33-30,6,6,Mon,25,46,54.35,425,2,0,100.4,3,20,9.24,10.11
Blake Bortles,QB,26.169,2018-10-14,NFL,JAX,@,DAL,L 7-40,6,6,Sun,15,26,57.69,149,1,1,70.8,3,10,5.73,4.77
Patrick Mahomes,QB,23.027,2018-10-14,NFL,KAN,@,NWE,L 40-43,6,6,Sun,23,36,63.89,352,4,2,110.0,0,0,9.78,9.50
Brock Osweiler,QB,27.326,2018-10-14,NFL,MIA,,CHI,W 31-28,6,6,Sun,28,44,63.64,380,3,2,94.9,0,0,8.64,7.95
Kirk Cousins,QB,30.056,2018-10-14,NFL,MIN,,ARI,W 27-17,6,6,Sun,24,34,70.59,233,1,1,87.0,4,17,6.85,6.12
Tom Brady,QB,41.072,2018-10-14,NFL,NWE,,KAN,W 43-40,6,6,Sun,24,35,68.57,340,1,0,109.2,2,13,9.71,10.29
Sam Darnold,QB,21.131,2018-10-14,NFL,NYJ,,IND,W 42-34,6,6,Sun,24,30,80.00,280,2,1,113.9,2,13,9.33,9.17
Carson Wentz,QB,25.285,2018-10-11,NFL,PHI,@,NYG,W 34-13,6,6,Thu,26,36,72.22,278,3,0,122.2,1,7,7.72,9.39
Ben Roethlisberger,QB,36.226,2018-10-14,NFL,PIT,@,CIN,W 28-21,6,6,Sun,32,46,69.57,369,1,0,100.7,0,0,8.02,8.46
Russell Wilson,QB,29.319,2018-10-14,NFL,SEA,@,OAK,W 27-3,6,6,Sun,17,23,73.91,222,3,1,125.4,1,8,9.65,10.30
C.J. Beathard,QB,24.333,2018-10-15,NFL,SFO,@,GNB,L 30-33,6,6,Mon,16,23,69.57,245,2,1,115.3,2,18,10.65,10.43
Jameis Winston,QB,24.281,2018-10-14,NFL,TAM,@,ATL,L 29-34,5,6,Sun,30,41,73.17,395,4,2,115.4,2,6,9.63,9.39
Alex Smith,QB,34.160,2018-10-14,NFL,WAS,,CAR,W 23-17,5,6,Sun,21,36,58.33,163,2,0,88.1,3,7,4.53,5.64
Matt Ryan,QB,33.158,2018-10-22,NFL,ATL,,NYG,W 23-20,7,7,Mon,31,39,79.49,379,1,0,115.7,3,23,9.72,10.23
Derek Anderson,QB,35.128,2018-10-21,NFL,BUF,@,IND,L 5-37,7,7,Sun,20,31,64.52,175,0,3,39.8,2,7,5.65,1.29
Cam Newton,QB,29.163,2018-10-21,NFL,CAR,@,PHI,W 21-17,6,7,Sun,25,39,64.10,269,2,0,101.3,2,19,6.90,7.92
Mitchell Trubisky,QB,24.062,2018-10-21,NFL,CHI,,NWE,L 31-38,6,7,Sun,26,50,52.00,333,2,2,69.8,2,14,6.66,5.66
Jeff Driskel,QB,25.181,2018-10-21,NFL,CIN,@,KAN,L 10-45,7,7,Sun,4,4,100.00,39,0,0,107.3,0,0,9.75,9.75
Andy Dalton,QB,30.357,2018-10-21,NFL,CIN,@,KAN,L 10-45,7,7,Sun,15,29,51.72,148,1,1,63.6,2,13,5.10,4.24
Baker Mayfield,QB,23.190,2018-10-21,NFL,CLE,@,TAM,L 23-26,7,7,Sun,23,34,67.65,215,2,0,104.4,5,29,6.32,7.50
Dak Prescott,QB,25.084,2018-10-21,NFL,DAL,@,WAS,L 17-20,7,7,Sun,22,35,62.86,273,1,0,96.5,4,23,7.80,8.37
Emmanuel Sanders,WR,31.215,2018-10-18,NFL,DEN,@,ARI,W 45-10,7,7,Thu,1,1,100.00,28,1,0,158.3,0,0,28.00,48.00
Case Keenum,QB,30.243,2018-10-18,NFL,DEN,@,ARI,W 45-10,7,7,Thu,14,21,66.67,161,1,1,85.6,2,11,7.67,6.48
Matthew Stafford,QB,30.256,2018-10-21,NFL,DET,@,MIA,W 32-21,6,7,Sun,18,22,81.82,217,2,0,138.1,1,8,9.86,11.68
Cody Kessler,QB,25.163,2018-10-21,NFL,JAX,,HOU,L 7-20,7,7,Sun,21,30,70.00,156,1,1,79.3,4,28,5.20,4.37
Blake Bortles,QB,26.176,2018-10-21,NFL,JAX,,HOU,L 7-20,7,7,Sun,6,12,50.00,61,0,0,64.9,0,0,5.08,5.08
Patrick Mahomes,QB,23.034,2018-10-21,NFL,KAN,,CIN,W 45-10,7,7,Sun,28,39,71.79,358,4,1,123.7,2,5,9.18,10.08
Brock Osweiler,QB,27.333,2018-10-21,NFL,MIA,,DET,L 21-32,7,7,Sun,22,31,70.97,239,2,0,114.9,4,24,7.71,9.00
Kirk Cousins,QB,30.063,2018-10-21,NFL,MIN,@,NYJ,W 37-17,7,7,Sun,25,40,62.50,241,2,0,95.9,1,13,6.03,7.03
Drew Brees,QB,39.279,2018-10-21,NFL,NOR,@,BAL,W 24-23,6,7,Sun,22,30,73.33,212,2,0,114.9,1,7,7.07,8.40
Tom Brady,QB,41.079,2018-10-21,NFL,NWE,@,CHI,W 38-31,7,7,Sun,25,36,69.44,277,3,1,108.2,1,4,7.69,8.11
Sam Darnold,QB,21.138,2018-10-21,NFL,NYJ,,MIN,L 17-37,7,7,Sun,17,42,40.48,206,1,3,34.4,3,14,4.90,2.17
Carson Wentz,QB,25.295,2018-10-21,NFL,PHI,,CAR,L 17-21,7,7,Sun,30,37,81.08,310,2,0,119.6,4,26,8.38,9.46
C.J. Beathard,QB,24.339,2018-10-21,NFL,SFO,,LAR,L 10-39,7,7,Sun,15,27,55.56,170,1,2,56.1,7,49,6.30,3.70
Jameis Winston,QB,24.288,2018-10-21,NFL,TAM,,CLE,W 26-23,6,7,Sun,32,52,61.54,365,0,2,66.6,4,23,7.02,5.29
Alex Smith,QB,34.167,2018-10-21,NFL,WAS,,DAL,W 20-17,6,7,Sun,14,25,56.00,178,1,0,91.7,1,3,7.12,7.92
Nathan Peterman,QB,24.178,2018-10-29,NFL,BUF,,NWE,L 6-25,8,8,Mon,2,2,100.00,23,0,0,114.6,0,0,11.50,11.50
Derek Anderson,QB,35.136,2018-10-29,NFL,BUF,,NWE,L 6-25,8,8,Mon,22,39,56.41,290,0,1,69.4,3,26,7.44,6.28
Cam Newton,QB,29.170,2018-10-28,NFL,CAR,,BAL,W 36-21,7,8,Sun,21,29,72.41,219,2,0,116.9,0,0,7.55,8.93
Taylor Heinicke,QB,25.227,2018-10-28,NFL,CAR,,BAL,W 36-21,7,8,Sun,1,1,100.00,13,0,0,118.7,0,0,13.00,13.00
Mitchell Trubisky,QB,24.069,2018-10-28,NFL,CHI,,NYJ,W 24-10,7,8,Sun,16,29,55.17,220,2,0,102.7,2,4,7.59,8.97
Andy Dalton,QB,30.364,2018-10-28,NFL,CIN,,TAM,W 37-34,8,8,Sun,21,34,61.76,280,2,0,107.5,2,16,8.24,9.41
Baker Mayfield,QB,23.197,2018-10-28,NFL,CLE,@,PIT,L 18-33,8,8,Sun,22,36,61.11,180,2,1,80.8,2,17,5.00,4.86
Case Keenum,QB,30.253,2018-10-28,NFL,DEN,@,KAN,L 23-30,8,8,Sun,23,34,67.65,262,2,1,97.9,5,40,7.71,7.56
Matthew Stafford,QB,30.263,2018-10-28,NFL,DET,,SEA,L 14-28,7,8,Sun,27,40,67.50,310,2,1,96.9,3,13,7.75,7.63
Aaron Rodgers,QB,34.330,2018-10-28,NFL,GNB,@,LAR,L 27-29,7,8,Sun,18,30,60.00,286,1,0,102.9,3,33,9.53,10.20
Blake Bortles,QB,26.183,2018-10-28,NFL,JAX,,PHI,L 18-24,8,8,Sun,24,41,58.54,286,1,0,88.1,4,21,6.98,7.46
Patrick Mahomes,QB,23.041,2018-10-28,NFL,KAN,,DEN,W 30-23,8,8,Sun,24,34,70.59,303,4,1,125.0,2,12,8.91,9.94
Brock Osweiler,QB,27.337,2018-10-25,NFL,MIA,@,HOU,L 23-42,8,8,Thu,21,37,56.76,241,0,1,65.3,2,15,6.51,5.30
Danny Amendola,WR,32.357,2018-10-25,NFL,MIA,@,HOU,L 23-42,8,8,Thu,1,1,100.00,28,1,0,158.3,0,0,28.00,48.00
Kirk Cousins,QB,30.070,2018-10-28,NFL,MIN,,NOR,L 20-30,8,8,Sun,31,41,75.61,359,2,1,107.7,4,21,8.76,8.63
Taysom Hill,TE,28.066,2018-10-28,NFL,NOR,@,MIN,W 30-20,7,8,Sun,1,1,100.00,44,0,0,118.7,0,0,44.00,44.00
Drew Brees,QB,39.286,2018-10-28,NFL,NOR,@,MIN,W 30-20,7,8,Sun,18,23,78.26,120,1,1,84.8,0,0,5.22,4.13
Tom Brady,QB,41.087,2018-10-29,NFL,NWE,@,BUF,W 25-6,8,8,Mon,29,45,64.44,324,0,0,85.8,2,13,7.20,7.20
Sam Darnold,QB,21.145,2018-10-28,NFL,NYJ,@,CHI,L 10-24,8,8,Sun,14,29,48.28,153,1,0,75.8,1,3,5.28,5.97
Carson Wentz,QB,25.302,2018-10-28,NFL,PHI,@,JAX,W 24-18,8,8,Sun,21,30,70.00,286,3,1,119.6,4,24,9.53,10.03
Ben Roethlisberger,QB,36.240,2018-10-28,NFL,PIT,,CLE,W 33-18,7,8,Sun,24,36,66.67,257,2,1,94.3,1,4,7.14,7.00
Russell Wilson,QB,29.333,2018-10-28,NFL,SEA,@,DET,W 28-14,7,8,Sun,14,17,82.35,248,3,0,158.3,2,11,14.59,18.12
C.J. Beathard,QB,24.346,2018-10-28,NFL,SFO,@,ARI,L 15-18,8,8,Sun,14,28,50.00,190,1,0,83.9,4,30,6.79,7.50
Jameis Winston,QB,24.295,2018-10-28,NFL,TAM,@,CIN,L 34-37,7,8,Sun,18,35,51.43,276,1,4,47.7,5,20,7.89,3.31
Ryan Fitzpatrick,QB,35.338,2018-10-28,NFL,TAM,@,CIN,L 34-37,7,8,Sun,11,15,73.33,194,2,0,154.9,1,0,12.93,15.60
Alex Smith,QB,34.174,2018-10-28,NFL,WAS,@,NYG,W 20-13,7,8,Sun,20,32,62.50,178,1,0,87.8,0,0,5.56,6.19
Matt Ryan,QB,33.171,2018-11-04,NFL,ATL,@,WAS,W 38-14,8,9,Sun,26,38,68.42,350,4,1,121.6,2,13,9.21,10.13
Nathan Peterman,QB,24.184,2018-11-04,NFL,BUF,,CHI,L 9-41,9,9,Sun,31,49,63.27,188,0,3,45.3,4,22,3.84,1.08
Cam Newton,QB,29.177,2018-11-04,NFL,CAR,,TAM,W 42-28,8,9,Sun,19,25,76.00,247,2,0,133.2,2,19,9.88,11.48
Mitchell Trubisky,QB,24.076,2018-11-04,NFL,CHI,@,BUF,W 41-9,8,9,Sun,12,20,60.00,135,1,1,76.0,1,9,6.75,5.50
Tyrod Taylor,QB,29.093,2018-11-04,NFL,CLE,,KAN,L 21-37,9,9,Sun,1,1,100.00,11,0,0,112.5,0,0,11.00,11.00
Baker Mayfield,QB,23.204,2018-11-04,NFL,CLE,,KAN,L 21-37,9,9,Sun,29,42,69.05,297,2,1,95.0,2,22,7.07,6.95
Dak Prescott,QB,25.099,2018-11-05,NFL,DAL,,TEN,L 14-28,8,9,Mon,21,31,67.74,243,2,1,99.3,5,18,7.84,7.68
Cole Beasley,WR,29.193,2018-11-05,NFL,DAL,,TEN,L 14-28,8,9,Mon,0,1,0.00,0,0,0,39.6,0,0,0.00,0.00
Case Keenum,QB,30.260,2018-11-04,NFL,DEN,,HOU,L 17-19,9,9,Sun,26,42,61.90,290,1,0,90.4,2,17,6.90,7.38
Matthew Stafford,QB,30.270,2018-11-04,NFL,DET,@,MIN,L 9-24,8,9,Sun,25,36,69.44,199,0,0,83.0,10,56,5.53,5.53
Aaron Rodgers,QB,34.337,2018-11-04,NFL,GNB,@,NWE,L 17-31,8,9,Sun,24,43,55.81,259,2,0,89.2,1,9,6.02,6.95
Patrick Mahomes,QB,23.048,2018-11-04,NFL,KAN,@,CLE,W 37-21,9,9,Sun,23,32,71.88,375,3,1,129.0,2,15,11.72,12.19
Brock Osweiler,QB,27.347,2018-11-04,NFL,MIA,,NYJ,W 13-6,9,9,Sun,15,24,62.50,139,0,0,78.3,4,35,5.79,5.79
Kirk Cousins,QB,30.077,2018-11-04,NFL,MIN,,DET,W 24-9,9,9,Sun,18,22,81.82,164,1,1,93.9,1,9,7.45,6.32
Drew Brees,QB,39.293,2018-11-04,NFL,NOR,,LAR,W 45-35,8,9,Sun,25,36,69.44,346,4,0,137.0,0,0,9.61,11.83
Julian Edelman,WR,32.166,2018-11-04,NFL,NWE,,GNB,W 31-17,9,9,Sun,1,1,100.00,37,0,0,118.7,0,0,37.00,37.00
Tom Brady,QB,41.093,2018-11-04,NFL,NWE,,GNB,W 31-17,9,9,Sun,22,35,62.86,294,1,0,99.0,2,21,8.40,8.97
Sam Darnold,QB,21.152,2018-11-04,NFL,NYJ,@,MIA,L 6-13,9,9,Sun,21,39,53.85,229,0,4,31.8,4,27,5.87,1.26
Ben Roethlisberger,QB,36.247,2018-11-04,NFL,PIT,@,BAL,W 23-16,8,9,Sun,28,47,59.57,270,2,0,89.8,1,10,5.74,6.60
Joshua Dobbs,QB,23.282,2018-11-04,NFL,PIT,@,BAL,W 23-16,8,9,Sun,1,1,100.00,22,0,0,118.7,0,0,22.00,22.00
Russell Wilson,QB,29.340,2018-11-04,NFL,SEA,,LAC,L 17-25,8,9,Sun,26,39,66.67,235,2,1,89.2,4,33,6.03,5.90
Nick Mullens,QB,23.225,2018-11-01,NFL,SFO,,OAK,W 34-3,9,9,Thu,16,22,72.73,262,3,0,151.9,0,0,11.91,14.64
Ryan Fitzpatrick,QB,35.345,2018-11-04,NFL,TAM,@,CAR,L 28-42,8,9,Sun,24,40,60.00,243,4,2,89.9,3,24,6.08,5.83
Bryan Anger,P,30.029,2018-11-04,NFL,TAM,@,CAR,L 28-42,8,9,Sun,0,1,0.00,0,0,0,39.6,0,0,0.00,0.00
Alex Smith,QB,34.181,2018-11-04,NFL,WAS,,ATL,L 14-38,8,9,Sun,30,46,65.22,306,1,1,82.3,3,19,6.65,6.11
Matt Ryan,QB,33.178,2018-11-11,NFL,ATL,@,CLE,L 16-28,9,10,Sun,38,52,73.08,330,2,0,102.2,2,19,6.35,7.12
Logan Thomas,TE,27.133,2018-11-11,NFL,BUF,@,NYJ,W 41-10,10,10,Sun,1,1,100.00,15,0,0,118.7,0,0,15.00,15.00
Matt Barkley,QB,28.064,2018-11-11,NFL,BUF,@,NYJ,W 41-10,10,10,Sun,15,25,60.00,232,2,0,117.4,1,8,9.28,10.88
Cam Newton,QB,29.181,2018-11-08,NFL,CAR,@,PIT,L 21-52,9,10,Thu,23,29,79.31,193,2,1,103.0,5,46,6.66,6.48
Mitchell Trubisky,QB,24.083,2018-11-11,NFL,CHI,,DET,W 34-22,9,10,Sun,23,30,76.67,355,3,0,148.6,1,7,11.83,13.83
Jeff Driskel,QB,25.202,2018-11-11,NFL,CIN,,NOR,L 14-51,9,10,Sun,2,3,66.67,45,0,0,109.7,0,0,15.00,15.00
Andy Dalton,QB,31.013,2018-11-11,NFL,CIN,,NOR,L 14-51,9,10,Sun,12,20,60.00,153,1,2,61.0,4,24,7.65,4.15
Baker Mayfield,QB,23.211,2018-11-11,NFL,CLE,,ATL,W 28-16,10,10,Sun,17,20,85.00,216,3,0,151.2,0,0,10.80,13.80
Dontrell Hilliard,RB,23.258,2018-11-11,NFL,CLE,,ATL,W 28-16,10,10,Sun,0,1,0.00,0,0,1,0.0,0,0,0.00,-45.00
Dak Prescott,QB,25.105,2018-11-11,NFL,DAL,@,PHI,W 27-20,9,10,Sun,26,36,72.22,270,1,0,102.8,4,31,7.50,8.06
Matthew Stafford,QB,30.277,2018-11-11,NFL,DET,@,CHI,L 22-34,9,10,Sun,25,42,59.52,274,2,2,74.9,6,45,6.52,5.33
Aaron Rodgers,QB,34.344,2018-11-11,NFL,GNB,,MIA,W 31-12,9,10,Sun,19,28,67.86,199,2,0,112.1,2,17,7.11,8.54
Logan Cooke,P,23.106,2018-11-11,NFL,JAX,@,IND,L 26-29,9,10,Sun,1,1,100.00,4,0,0,83.3,0,0,4.00,4.00
Blake Bortles,QB,26.197,2018-11-11,NFL,JAX,@,IND,L 26-29,9,10,Sun,26,38,68.42,320,2,0,111.7,0,0,8.42,9.47
Patrick Mahomes,QB,23.055,2018-11-11,NFL,KAN,,ARI,W 26-14,10,10,Sun,21,28,75.00,249,2,0,125.4,5,37,8.89,10.32
Brock Osweiler,QB,27.354,2018-11-11,NFL,MIA,@,GNB,L 12-31,10,10,Sun,23,37,62.16,213,0,1,66.6,6,50,5.76,4.54
Taysom Hill,TE,28.080,2018-11-11,NFL,NOR,@,CIN,W 51-14,9,10,Sun,0,1,0.00,0,0,0,39.6,0,0,0.00,0.00
Teddy Bridgewater,QB,26.001,2018-11-11,NFL,NOR,@,CIN,W 51-14,9,10,Sun,0,1,0.00,0,0,0,39.6,0,0,0.00,0.00
Drew Brees,QB,39.300,2018-11-11,NFL,NOR,@,CIN,W 51-14,9,10,Sun,22,25,88.00,265,3,0,150.4,0,0,10.60,13.00
Brian Hoyer,QB,33.029,2018-11-11,NFL,NWE,@,TEN,L 10-34,10,10,Sun,1,1,100.00,7,0,0,95.8,0,0,7.00,7.00
Julian Edelman,WR,32.173,2018-11-11,NFL,NWE,@,TEN,L 10-34,10,10,Sun,1,1,100.00,6,0,0,91.7,0,0,6.00,6.00
Tom Brady,QB,41.100,2018-11-11,NFL,NWE,@,TEN,L 10-34,10,10,Sun,21,41,51.22,254,0,0,70.6,3,23,6.20,6.20
Josh McCown,QB,39.130,2018-11-11,NFL,NYJ,,BUF,L 10-41,10,10,Sun,17,34,50.00,135,0,2,35.8,3,19,3.97,1.32
Carson Wentz,QB,25.316,2018-11-11,NFL,PHI,,DAL,L 20-27,9,10,Sun,32,44,72.73,360,2,1,102.5,2,10,8.18,8.07
Ben Roethlisberger,QB,36.251,2018-11-08,NFL,PIT,,CAR,W 52-21,9,10,Thu,22,25,88.00,328,5,0,158.3,1,6,13.12,17.12
Joshua Dobbs,QB,23.286,2018-11-08,NFL,PIT,,CAR,W 52-21,9,10,Thu,1,2,50.00,-3,0,0,56.2,0,0,-1.50,-1.50
Russell Wilson,QB,29.347,2018-11-11,NFL,SEA,@,LAR,L 31-36,9,10,Sun,17,26,65.38,176,3,0,123.2,4,35,6.77,9.08
Nick Mullens,QB,23.236,2018-11-12,NFL,SFO,,NYG,L 23-27,10,10,Mon,27,39,69.23,250,1,2,73.7,0,0,6.41,4.62
Ryan Fitzpatrick,QB,35.352,2018-11-11,NFL,TAM,,WAS,L 3-16,9,10,Sun,29,41,70.73,406,0,2,82.0,2,8,9.90,7.71
Alex Smith,QB,34.188,2018-11-11,NFL,WAS,@,TAM,W 16-3,9,10,Sun,19,27,70.37,178,1,0,100.5,3,8,6.59,7.33
Matt Ryan,QB,33.185,2018-11-18,NFL,ATL,,DAL,L 19-22,10,11,Sun,24,34,70.59,291,1,1,94.1,3,17,8.56,7.82
Cam Newton,QB,29.191,2018-11-18,NFL,CAR,@,DET,L 19-20,10,11,Sun,25,37,67.57,357,3,1,114.4,3,26,9.65,10.05
Taylor Heinicke,QB,25.248,2018-11-18,NFL,CAR,@,DET,L 19-20,10,11,Sun,0,1,0.00,0,0,0,39.6,0,0,0.00,0.00
Mitchell Trubisky,QB,24.090,2018-11-18,NFL,CHI,,MIN,W 25-20,10,11,Sun,20,31,64.52,165,1,2,61.9,1,5,5.32,3.06
Andy Dalton,QB,31.020,2018-11-18,NFL,CIN,@,BAL,L 21-24,10,11,Sun,19,36,52.78,211,2,0,89.0,1,4,5.86,6.97
Tyler Boyd,WR,24.003,2018-11-18,NFL,CIN,@,BAL,L 21-24,10,11,Sun,0,1,0.00,0,0,0,39.6,0,0,0.00,0.00
Dak Prescott,QB,25.112,2018-11-18,NFL,DAL,@,ATL,W 22-19,10,11,Sun,22,32,68.75,208,0,0,86.5,2,17,6.50,6.50
Colby Wadman,P,23.213,2018-11-18,NFL,DEN,@,LAC,W 23-22,10,11,Sun,1,1,100.00,12,0,0,116.7,0,0,12.00,12.00
Case Keenum,QB,30.274,2018-11-18,NFL,DEN,@,LAC,W 23-22,10,11,Sun,19,32,59.38,205,0,0,78.3,0,0,6.41,6.41
Matthew Stafford,QB,30.284,2018-11-18,NFL,DET,,CAR,W 20-19,10,11,Sun,23,37,62.16,220,1,0,87.7,1,5,5.95,6.49
Aaron Rodgers,QB,34.348,2018-11-15,NFL,GNB,@,SEA,L 24-27,10,11,Thu,21,30,70.00,332,2,0,128.7,5,21,11.07,12.40
Blake Bortles,QB,26.204,2018-11-18,NFL,JAX,,PIT,L 16-20,10,11,Sun,10,18,55.56,104,0,0,72.5,6,40,5.78,5.78
Patrick Mahomes,QB,23.063,2018-11-19,NFL,KAN,@,LAR,L 51-54,11,11,Mon,33,46,71.74,478,6,3,117.6,3,30,10.39,10.07
Kirk Cousins,QB,30.091,2018-11-18,NFL,MIN,@,CHI,L 20-25,10,11,Sun,30,46,65.22,262,2,2,76.5,2,16,5.70,4.61
Taysom Hill,WR,28.087,2018-11-18,NFL,NOR,,PHI,W 48-7,10,11,Sun,1,2,50.00,10,0,0,64.6,0,0,5.00,5.00
Drew Brees,QB,39.307,2018-11-18,NFL,NOR,,PHI,W 48-7,10,11,Sun,22,30,73.33,363,4,0,153.2,0,0,12.10,14.77
Carson Wentz,QB,25.323,2018-11-18,NFL,PHI,@,NOR,L 7-48,10,11,Sun,19,33,57.58,156,0,3,31.9,3,18,4.73,0.64
Ben Roethlisberger,QB,36.261,2018-11-18,NFL,PIT,@,JAX,W 20-16,10,11,Sun,27,47,57.45,314,2,3,65.4,2,17,6.68,4.66
Russell Wilson,QB,29.351,2018-11-15,NFL,SEA,,GNB,W 27-24,10,11,Thu,21,31,67.74,225,2,0,110.3,3,20,7.26,8.55
Jameis Winston,QB,24.316,2018-11-18,NFL,TAM,@,NYG,L 35-38,10,11,Sun,12,16,75.00,199,2,1,129.9,0,0,12.44,12.13
Ryan Fitzpatrick,QB,35.359,2018-11-18,NFL,TAM,@,NYG,L 35-38,10,11,Sun,13,21,61.90,167,0,3,47.2,1,7,7.95,1.52
Alex Smith,QB,34.195,2018-11-18,NFL,WAS,,HOU,L 21-23,10,11,Sun,12,27,44.44,135,0,2,29.1,3,22,5.00,1.67
Colt McCoy,QB,32.074,2018-11-18,NFL,WAS,,HOU,L 21-23,10,11,Sun,6,12,50.00,54,1,0,90.3,2,13,4.50,6.17
Matt Ryan,QB,33.189,2018-11-22,NFL,ATL,@,NOR,L 17-31,11,12,Thu,35,47,74.47,377,2,1,102.9,6,37,8.02,7.91
Josh Allen,QB,22.188,2018-11-25,NFL,BUF,,JAX,W 24-21,11,12,Sun,8,19,42.11,160,1,0,89.8,0,0,8.42,9.47
Cam Newton,QB,29.198,2018-11-25,NFL,CAR,,SEA,L 27-30,11,12,Sun,25,30,83.33,256,2,1,110.6,0,0,8.53,8.37
Anthony Miller,WR,24.044,2018-11-22,NFL,CHI,@,DET,W 23-16,11,12,Thu,1,1,100.00,8,0,0,100.0,0,0,8.00,8.00
Chase Daniel,QB,32.046,2018-11-22,NFL,CHI,@,DET,W 23-16,11,12,Thu,27,37,72.97,230,2,0,106.8,4,12,6.22,7.30
Jeff Driskel,QB,25.216,2018-11-25,NFL,CIN,,CLE,L 20-35,11,12,Sun,17,29,58.62,155,1,0,84.7,1,12,5.34,6.03
Andy Dalton,QB,31.027,2018-11-25,NFL,CIN,,CLE,L 20-35,11,12,Sun,10,17,58.82,100,1,1,70.7,0,0,5.88,4.41
Baker Mayfield,QB,23.225,2018-11-25,NFL,CLE,@,CIN,W 35-20,11,12,Sun,19,26,73.08,258,4,0,143.9,0,0,9.92,13.00
Dak Prescott,QB,25.116,2018-11-22,NFL,DAL,,WAS,W 31-23,11,12,Thu,22,31,70.97,289,2,0,121.6,4,31,9.32,10.61
Case Keenum,QB,30.281,2018-11-25,NFL,DEN,,PIT,W 24-17,11,12,Sun,15,28,53.57,197,2,0,99.9,2,13,7.04,8.46
Matthew Stafford,QB,30.288,2018-11-22,NFL,DET,,CHI,L 16-23,11,12,Thu,28,38,73.68,236,0,2,67.4,2,14,6.21,3.84
Aaron Rodgers,QB,34.358,2018-11-25,NFL,GNB,@,MIN,L 17-24,11,12,Sun,17,28,60.71,198,1,0,94.0,4,26,7.07,7.79
Blake Bortles,QB,26.211,2018-11-25,NFL,JAX,@,BUF,L 21-24,11,12,Sun,12,23,52.17,127,1,2,46.8,3,20,5.52,2.48
Ryan Tannehill,QB,30.121,2018-11-25,NFL,MIA,@,IND,L 24-27,11,12,Sun,17,25,68.00,204,2,0,119.4,1,3,8.16,9.76
Kirk Cousins,QB,30.098,2018-11-25,NFL,MIN,,GNB,W 24-17,11,12,Sun,29,38,76.32,342,3,0,129.5,2,17,9.00,10.58
Drew Brees,QB,39.311,2018-11-22,NFL,NOR,,ATL,W 31-17,11,12,Thu,15,22,68.18,171,4,1,111.9,1,6,7.77,9.36
Tom Brady,QB,41.114,2018-11-25,NFL,NWE,@,NYJ,W 27-13,11,12,Sun,20,31,64.52,283,2,0,115.4,0,0,9.13,10.42
Josh McCown,QB,39.144,2018-11-25,NFL,NYJ,,NWE,L 13-27,11,12,Sun,26,45,57.78,276,1,1,73.9,2,12,6.13,5.58
Carson Wentz,QB,25.330,2018-11-25,NFL,PHI,,NYG,W 25-22,11,12,Sun,20,28,71.43,236,1,0,108.6,3,22,8.43,9.14
Ben Roethlisberger,QB,36.268,2018-11-25,NFL,PIT,@,DEN,L 17-24,11,12,Sun,41,56,73.21,462,1,2,88.5,2,12,8.25,7.00
Antonio Brown,WR,30.138,2018-11-25,NFL,PIT,@,DEN,L 17-24,11,12,Sun,0,1,0.00,0,0,0,39.6,0,0,0.00,0.00
Chris Boswell,K,27.254,2018-11-25,NFL,PIT,@,DEN,L 17-24,11,12,Sun,1,1,100.00,2,1,0,118.7,0,0,2.00,22.00
Russell Wilson,QB,29.361,2018-11-25,NFL,SEA,@,CAR,W 30-27,11,12,Sun,22,31,70.97,339,2,0,128.3,2,17,10.94,12.23
Nick Mullens,QB,23.249,2018-11-25,NFL,SFO,@,TAM,L 9-27,11,12,Sun,18,32,56.25,221,1,2,62.1,4,27,6.91,4.72
Jameis Winston,QB,24.323,2018-11-25,NFL,TAM,,SFO,W 27-9,11,12,Sun,29,38,76.32,312,2,0,117.4,1,8,8.21,9.26
Colt McCoy,QB,32.078,2018-11-22,NFL,WAS,@,DAL,L 23-31,11,12,Thu,24,38,63.16,268,2,3,68.7,3,17,7.05,4.55
Mohamed Sanu,WR,29.102,2018-12-02,NFL,ATL,,BAL,L 16-26,12,13,Sun,0,1,0.00,0,0,0,39.6,0,0,0.00,0.00
Matt Ryan,QB,33.199,2018-12-02,NFL,ATL,,BAL,L 16-26,12,13,Sun,16,26,61.54,131,1,0,87.2,3,34,5.04,5.81
Josh Allen,QB,22.195,2018-12-02,NFL,BUF,@,MIA,L 17-21,12,13,Sun,18,33,54.55,231,2,2,71.7,2,14,7.00,5.48
Cam Newton,QB,29.205,2018-12-02,NFL,CAR,@,TAM,L 17-24,12,13,Sun,28,41,68.29,300,2,4,66.2,4,24,7.32,3.90
Taylor Heinicke,QB,25.262,2018-12-02,NFL,CAR,@,TAM,L 17-24,12,13,Sun,0,1,0.00,0,0,0,39.6,0,0,0.00,0.00
Chase Daniel,QB,32.056,2018-12-02,NFL,CHI,@,NYG,L 27-30,12,13,Sun,26,39,66.67,285,1,2,75.3,5,28,7.31,5.51
Tarik Cohen,RB,23.129,2018-12-02,NFL,CHI,@,NYG,L 27-30,12,13,Sun,1,1,100.00,1,1,0,118.7,0,0,1.00,21.00
Jeff Driskel,QB,25.223,2018-12-02,NFL,CIN,,DEN,L 10-24,12,13,Sun,25,37,67.57,236,1,1,82.7,4,34,6.38,5.70
Baker Mayfield,QB,23.232,2018-12-02,NFL,CLE,@,HOU,L 13-29,12,13,Sun,29,43,67.44,397,1,3,75.4,0,0,9.23,6.56
Dak Prescott,QB,25.123,2018-11-29,NFL,DAL,,NOR,W 13-10,12,13,Thu,24,28,85.71,249,1,0,115.6,7,40,8.89,9.61
Case Keenum,QB,30.288,2018-12-02,NFL,DEN,@,CIN,W 24-10,12,13,Sun,12,21,57.14,151,1,0,95.5,2,8,7.19,8.14
Matthew Stafford,QB,30.298,2018-12-02,NFL,DET,,LAR,L 16-30,12,13,Sun,20,33,60.61,245,1,1,81.0,4,37,7.42,6.67
Bruce Ellington,WR,27.102,2018-12-02,NFL,DET,,LAR,L 16-30,12,13,Sun,0,1,0.00,0,0,0,39.6,0,0,0.00,0.00
Aaron Rodgers,QB,35.000,2018-12-02,NFL,GNB,,ARI,L 17-20,12,13,Sun,31,50,62.00,233,1,0,79.8,1,6,4.66,5.06
Cody Kessler,QB,25.205,2018-12-02,NFL,JAX,,IND,W 6-0,12,13,Sun,18,24,75.00,150,0,0,90.6,3,18,6.25,6.25
Patrick Mahomes,QB,23.076,2018-12-02,NFL,KAN,@,OAK,W 40-33,12,13,Sun,23,38,60.53,295,4,0,120.0,0,0,7.76,9.87
Ryan Tannehill,QB,30.128,2018-12-02,NFL,MIA,,BUF,W 21-17,12,13,Sun,16,24,66.67,137,3,1,103.6,3,22,5.71,6.33
Kirk Cousins,QB,30.105,2018-12-02,NFL,MIN,@,NWE,L 10-24,12,13,Sun,32,44,72.73,201,1,2,70.4,2,18,4.57,2.98
Drew Brees,QB,39.318,2018-11-29,NFL,NOR,@,DAL,L 10-13,12,13,Thu,18,28,64.29,127,1,1,71.6,2,16,4.54,3.64
Tom Brady,QB,41.121,2018-12-02,NFL,NWE,,MIN,W 24-10,12,13,Sun,24,32,75.00,311,1,1,102.5,0,0,9.72,8.94
Josh McCown,QB,39.151,2018-12-02,NFL,NYJ,@,TEN,L 22-26,12,13,Sun,17,30,56.67,128,0,1,53.2,2,4,4.27,2.77
Carson Wentz,QB,25.338,2018-12-03,NFL,PHI,,WAS,W 28-13,12,13,Mon,27,39,69.23,306,2,1,98.9,0,0,7.85,7.72
Ben Roethlisberger,QB,36.275,2018-12-02,NFL,PIT,,LAC,L 30-33,12,13,Sun,29,45,64.44,281,2,1,87.4,1,10,6.24,6.13
Russell Wilson,QB,30.003,2018-12-02,NFL,SEA,,SFO,W 43-16,12,13,Sun,11,17,64.71,185,4,0,140.9,3,22,10.88,15.59
Nick Mullens,QB,23.256,2018-12-02,NFL,SFO,@,SEA,L 16-43,12,13,Sun,30,48,62.50,414,2,1,95.3,3,28,8.63,8.52
Jameis Winston,QB,24.330,2018-12-02,NFL,TAM,,CAR,W 24-17,12,13,Sun,20,30,66.67,249,2,0,114.4,4,29,8.30,9.63
Mark Sanchez,QB,32.022,2018-12-03,NFL,WAS,@,PHI,L 13-28,12,13,Mon,13,21,61.90,100,0,1,53.7,2,13,4.76,2.62
Colt McCoy,QB,32.089,2018-12-03,NFL,WAS,@,PHI,L 13-28,12,13,Mon,4,4,100.00,50,0,0,118.7,1,6,12.50,12.50
Matt Ryan,QB,33.206,2018-12-09,NFL,ATL,@,GNB,L 20-34,13,14,Sun,28,42,66.67,262,3,1,97.5,2,25,6.24,6.60
Zay Jones,WR,23.254,2018-12-09,NFL,BUF,,NYJ,L 23-27,13,14,Sun,0,1,0.00,0,0,0,39.6,0,0,0.00,0.00
Josh Allen,QB,22.202,2018-12-09,NFL,BUF,,NYJ,L 23-27,13,14,Sun,18,36,50.00,206,0,2,44.4,3,14,5.72,3.22
Cam Newton,QB,29.212,2018-12-09,NFL,CAR,@,CLE,L 20-26,13,14,Sun,26,42,61.90,265,0,1,70.0,1,1,6.31,5.24
Taylor Heinicke,QB,25.269,2018-12-09,NFL,CAR,@,CLE,L 20-26,13,14,Sun,1,1,100.00,33,0,0,118.7,0,0,33.00,33.00
Mitchell Trubisky,QB,24.111,2018-12-09,NFL,CHI,,LAR,W 15-6,13,14,Sun,16,30,53.33,110,1,3,33.3,1,10,3.67,-0.17
Jeff Driskel,QB,25.230,2018-12-09,NFL,CIN,@,LAC,L 21-26,13,14,Sun,18,27,66.67,170,1,0,96.2,3,19,6.30,7.04
Baker Mayfield,QB,23.239,2018-12-09,NFL,CLE,,CAR,W 26-20,13,14,Sun,18,22,81.82,238,1,0,126.9,1,6,10.82,11.73
Jarvis Landry,WR,26.011,2018-12-09,NFL,CLE,,CAR,W 26-20,13,14,Sun,0,1,0.00,0,0,0,39.6,0,0,0.00,0.00
Dak Prescott,QB,25.133,2018-12-09,NFL,DAL,,PHI,W 29-23,13,14,Sun,42,54,77.78,455,3,2,104.9,3,21,8.43,7.87
Case Keenum,QB,30.295,2018-12-09,NFL,DEN,@,SFO,L 14-20,13,14,Sun,24,42,57.14,186,1,0,76.1,2,15,4.43,4.90
Matthew Stafford,QB,30.305,2018-12-09,NFL,DET,@,ARI,W 17-3,13,14,Sun,15,23,65.22,101,0,0,74.7,1,5,4.39,4.39
Aaron Rodgers,QB,35.007,2018-12-09,NFL,GNB,,ATL,W 34-20,13,14,Sun,21,32,65.63,196,2,0,103.1,4,34,6.13,7.38
Cody Kessler,QB,25.209,2018-12-06,NFL,JAX,@,TEN,L 9-30,13,14,Thu,25,43,58.14,240,1,0,81.5,4,45,5.58,6.05
Patrick Mahomes,QB,23.083,2018-12-09,NFL,KAN,,BAL,W 27-24,13,14,Sun,35,53,66.04,377,2,1,91.5,3,29,7.11,7.02
Ryan Tannehill,QB,30.135,2018-12-09,NFL,MIA,,NWE,W 34-33,13,14,Sun,14,19,73.68,265,3,0,155.2,4,36,13.95,17.11
Kirk Cousins,QB,30.113,2018-12-10,NFL,MIN,@,SEA,L 7-21,13,14,Mon,20,33,60.61,208,1,0,89.0,2,9,6.30,6.91
Drew Brees,QB,39.328,2018-12-09,NFL,NOR,@,TAM,W 28-14,13,14,Sun,24,31,77.42,201,1,1,90.9,1,3,6.48,5.68
Tom Brady,QB,41.128,2018-12-09,NFL,NWE,@,MIA,L 33-34,13,14,Sun,27,43,62.79,358,3,0,112.4,2,14,8.33,9.72
Josh McCown,QB,39.158,2018-12-09,NFL,NYJ,@,BUF,W 27-23,13,14,Sun,0,1,0.00,0,0,0,39.6,0,0,0.00,0.00
Sam Darnold,QB,21.187,2018-12-09,NFL,NYJ,@,BUF,W 27-23,13,14,Sun,16,24,66.67,170,1,1,83.7,0,0,7.08,6.04
Carson Wentz,QB,25.344,2018-12-09,NFL,PHI,@,DAL,L 23-29,13,14,Sun,22,32,68.75,228,3,0,120.3,2,6,7.13,9.00
Ben Roethlisberger,QB,36.282,2018-12-09,NFL,PIT,@,OAK,L 21-24,13,14,Sun,25,29,86.21,282,2,0,130.2,1,6,9.72,11.10
Joshua Dobbs,QB,23.317,2018-12-09,NFL,PIT,@,OAK,L 21-24,13,14,Sun,4,9,44.44,24,0,1,12.0,0,0,2.67,-2.33
Russell Wilson,QB,30.011,2018-12-10,NFL,SEA,,MIN,W 21-7,13,14,Mon,10,20,50.00,72,0,1,37.9,2,12,3.60,1.35
Nick Mullens,QB,23.263,2018-12-09,NFL,SFO,,DEN,W 20-14,13,14,Sun,20,33,60.61,332,2,1,102.1,3,27,10.06,9.91
Jameis Winston,QB,24.337,2018-12-09,NFL,TAM,,NOR,L 14-28,13,14,Sun,18,38,47.37,213,2,1,71.5,4,39,5.61,5.47
Mark Sanchez,QB,32.028,2018-12-09,NFL,WAS,,NYG,L 16-40,13,14,Sun,6,14,42.86,38,0,2,10.7,5,29,2.71,-3.71
Josh Johnson,QB,32.208,2018-12-09,NFL,WAS,,NYG,L 16-40,13,14,Sun,11,16,68.75,195,1,1,104.9,0,0,12.19,10.63
Matt Ryan,QB,33.213,2018-12-16,NFL,ATL,,ARI,W 40-14,14,15,Sun,22,36,61.11,231,2,0,98.3,2,11,6.42,7.53
Josh Allen,QB,22.209,2018-12-16,NFL,BUF,,DET,W 14-13,14,15,Sun,13,26,50.00,204,1,0,89.3,1,9,7.85,8.62
Cam Newton,QB,29.220,2018-12-17,NFL,CAR,,NOR,L 9-12,14,15,Mon,16,29,55.17,131,0,1,52.5,4,32,4.52,2.97
Christian McCaffrey,RB,22.193,2018-12-17,NFL,CAR,,NOR,L 9-12,14,15,Mon,1,1,100.00,50,1,0,158.3,0,0,50.00,70.00
Mitchell Trubisky,QB,24.118,2018-12-16,NFL,CHI,,GNB,W 24-17,14,15,Sun,20,28,71.43,235,2,0,120.4,1,3,8.39,9.82
Jeff Driskel,QB,25.237,2018-12-16,NFL,CIN,,OAK,W 30-16,14,15,Sun,14,33,42.42,130,1,1,51.3,1,7,3.94,3.18
Baker Mayfield,QB,23.245,2018-12-15,NFL,CLE,@,DEN,W 17-16,14,15,Sat,18,31,58.06,188,2,1,83.8,2,13,6.06,5.90
Dak Prescott,QB,25.140,2018-12-16,NFL,DAL,@,IND,L 0-23,14,15,Sun,24,39,61.54,206,0,1,64.7,3,26,5.28,4.13
Case Keenum,QB,30.301,2018-12-15,NFL,DEN,,CLE,L 16-17,14,15,Sat,31,48,64.58,257,0,2,60.9,2,19,5.35,3.48
Matthew Stafford,QB,30.312,2018-12-16,NFL,DET,@,BUF,L 13-14,14,15,Sun,22,29,75.86,208,1,0,106.7,0,0,7.17,7.86
Aaron Rodgers,QB,35.014,2018-12-16,NFL,GNB,@,CHI,L 17-24,14,15,Sun,25,42,59.52,274,0,1,68.9,5,39,6.52,5.45
Cody Kessler,QB,25.219,2018-12-16,NFL,JAX,,WAS,L 13-16,14,15,Sun,9,17,52.94,57,0,1,35.7,6,37,3.35,0.71
Patrick Mahomes,QB,23.087,2018-12-13,NFL,KAN,,LAC,L 28-29,14,15,Thu,24,34,70.59,243,2,0,110.3,2,9,7.15,8.32
Ryan Tannehill,QB,30.142,2018-12-16,NFL,MIA,@,MIN,L 17-41,14,15,Sun,11,24,45.83,108,0,0,59.0,9,71,4.50,4.50
Kirk Cousins,QB,30.119,2018-12-16,NFL,MIN,,MIA,W 41-17,14,15,Sun,14,21,66.67,215,2,1,112.2,2,17,10.24,10.00
Drew Brees,QB,39.336,2018-12-17,NFL,NOR,@,CAR,W 12-9,14,15,Mon,23,35,65.71,203,0,1,69.1,2,12,5.80,4.51
Tom Brady,QB,41.135,2018-12-16,NFL,NWE,@,PIT,L 10-17,14,15,Sun,25,36,69.44,279,1,1,89.9,1,7,7.75,7.06
Sam Darnold,QB,21.193,2018-12-15,NFL,NYJ,,HOU,L 22-29,14,15,Sat,24,38,63.16,253,2,0,100.0,3,25,6.66,7.71
Nick Foles,QB,29.330,2018-12-16,NFL,PHI,@,LAR,W 30-23,14,15,Sun,24,31,77.42,270,0,1,89.4,0,0,8.71,7.26
Ben Roethlisberger,QB,36.289,2018-12-16,NFL,PIT,,NWE,W 17-10,14,15,Sun,22,34,64.71,235,2,2,79.9,2,17,6.91,5.44
Russell Wilson,QB,30.017,2018-12-16,NFL,SEA,@,SFO,L 23-26,14,15,Sun,23,31,74.19,237,2,0,117.3,3,20,7.65,8.94
Nick Mullens,QB,23.270,2018-12-16,NFL,SFO,,SEA,W 26-23,14,15,Sun,20,29,68.97,275,1,0,110.6,3,18,9.48,10.17
Jameis Winston,QB,24.344,2018-12-16,NFL,TAM,@,BAL,L 12-20,14,15,Sun,13,25,52.00,157,0,1,54.9,1,1,6.28,4.48
Josh Johnson,QB,32.215,2018-12-16,NFL,WAS,@,JAX,W 16-13,14,15,Sun,16,25,64.00,151,1,0,93.9,3,15,6.04,6.84
Matt Ryan,QB,33.220,2018-12-23,NFL,ATL,@,CAR,W 24-10,15,16,Sun,15,26,57.69,239,3,0,126.9,1,6,9.19,11.50
Josh Allen,QB,22.216,2018-12-23,NFL,BUF,@,NWE,L 12-24,15,16,Sun,20,41,48.78,217,1,2,52.6,0,0,5.29,3.59
Taylor Heinicke,QB,25.283,2018-12-23,NFL,CAR,,ATL,L 10-24,15,16,Sun,33,53,62.26,274,1,3,58.2,2,17,5.17,3.00
Kyle Allen,QB,22.290,2018-12-23,NFL,CAR,,ATL,L 10-24,15,16,Sun,4,4,100.00,38,0,0,106.2,0,0,9.50,9.50
Mitchell Trubisky,QB,24.125,2018-12-23,NFL,CHI,@,SFO,W 14-9,15,16,Sun,25,29,86.21,246,1,0,113.5,3,11,8.48,9.17
Jeff Driskel,QB,25.244,2018-12-23,NFL,CIN,@,CLE,L 18-26,15,16,Sun,13,19,68.42,133,2,0,123.4,3,26,7.00,9.11
Baker Mayfield,QB,23.253,2018-12-23,NFL,CLE,,CIN,W 26-18,15,16,Sun,27,37,72.97,284,3,0,121.9,0,0,7.68,9.30
Jarvis Landry,WR,26.025,2018-12-23,NFL,CLE,,CIN,W 26-18,15,16,Sun,1,1,100.00,63,0,0,118.7,0,0,63.00,63.00
Dak Prescott,QB,25.147,2018-12-23,NFL,DAL,,TAM,W 27-20,15,16,Sun,20,25,80.00,161,1,0,106.8,1,9,6.44,7.24
Case Keenum,QB,30.310,2018-12-24,NFL,DEN,@,OAK,L 14-27,15,16,Mon,23,37,62.16,202,2,2,72.1,1,2,5.46,4.11
Matthew Stafford,QB,30.319,2018-12-23,NFL,DET,,MIN,L 9-27,15,16,Sun,18,32,56.25,116,0,0,64.1,2,11,3.63,3.63
Matt Cassel,QB,36.220,2018-12-23,NFL,DET,,MIN,L 9-27,15,16,Sun,5,11,45.45,45,0,0,57.0,1,13,4.09,4.09
Aaron Rodgers,QB,35.021,2018-12-23,NFL,GNB,@,NYJ,W 44-38,15,16,Sun,37,55,67.27,442,2,0,103.7,4,29,8.04,8.76
Dede Westbrook,WR,25.032,2018-12-23,NFL,JAX,@,MIA,W 17-7,15,16,Sun,0,1,0.00,0,0,0,39.6,0,0,0.00,0.00
Cody Kessler,QB,25.226,2018-12-23,NFL,JAX,@,MIA,W 17-7,15,16,Sun,12,17,70.59,106,0,0,86.9,5,21,6.24,6.24
Blake Bortles,QB,26.239,2018-12-23,NFL,JAX,@,MIA,W 17-7,15,16,Sun,5,6,83.33,39,0,0,93.7,1,6,6.50,6.50
Patrick Mahomes,QB,23.097,2018-12-23,NFL,KAN,@,SEA,L 31-38,15,16,Sun,23,40,57.50,273,3,0,103.4,1,8,6.83,8.33
Ryan Tannehill,QB,30.149,2018-12-23,NFL,MIA,,JAX,L 7-17,15,16,Sun,15,22,68.18,146,1,1,82.8,3,25,6.64,5.50
Kirk Cousins,QB,30.126,2018-12-23,NFL,MIN,@,DET,W 27-9,15,16,Sun,21,28,75.00,253,3,0,137.9,2,13,9.04,11.18
Taysom Hill,QB,28.122,2018-12-23,NFL,NOR,,PIT,W 31-28,15,16,Sun,0,1,0.00,0,0,1,0.0,0,0,0.00,-45.00
Drew Brees,QB,39.342,2018-12-23,NFL,NOR,,PIT,W 31-28,15,16,Sun,27,39,69.23,326,1,0,103.2,2,13,8.36,8.87
Brian Hoyer,QB,33.071,2018-12-23,NFL,NWE,,BUF,W 24-12,15,16,Sun,0,1,0.00,0,0,0,39.6,0,0,0.00,0.00
Tom Brady,QB,41.142,2018-12-23,NFL,NWE,,BUF,W 24-12,15,16,Sun,13,24,54.17,126,1,2,48.3,1,9,5.25,2.33
Sam Darnold,QB,21.201,2018-12-23,NFL,NYJ,,GNB,L 38-44,15,16,Sun,24,35,68.57,341,3,0,128.4,2,18,9.74,11.46
Nate Sudfeld,QB,25.077,2018-12-23,NFL,PHI,,HOU,W 32-30,15,16,Sun,0,1,0.00,0,0,0,39.6,0,0,0.00,0.00
Nick Foles,QB,29.337,2018-12-23,NFL,PHI,,HOU,W 32-30,15,16,Sun,35,49,71.43,471,4,1,120.4,1,9,9.61,10.33
Ben Roethlisberger,QB,36.296,2018-12-23,NFL,PIT,@,NOR,L 28-31,15,16,Sun,33,50,66.00,380,3,0,108.7,3,16,7.60,8.80
Russell Wilson,QB,30.024,2018-12-23,NFL,SEA,,KAN,W 38-31,15,16,Sun,18,29,62.07,271,3,0,127.2,3,17,9.34,11.41
Nick Mullens,QB,23.277,2018-12-23,NFL,SFO,,CHI,L 9-14,15,16,Sun,22,38,57.89,241,0,1,65.8,1,9,6.34,5.16
Jameis Winston,QB,24.351,2018-12-23,NFL,TAM,@,DAL,L 20-27,15,16,Sun,34,48,70.83,336,1,0,97.2,3,16,7.00,7.42
Josh Johnson,QB,32.221,2018-12-22,NFL,WAS,@,TEN,L 16-25,15,16,Sat,13,23,56.52,153,1,2,55.2,2,22,6.65,3.61
Mohamed Sanu,WR,29.130,2018-12-30,NFL,ATL,@,TAM,W 34-32,16,17,Sun,1,1,100.00,5,1,0,127.1,0,0,5.00,25.00
Matt Ryan,QB,33.227,2018-12-30,NFL,ATL,@,TAM,W 34-32,16,17,Sun,31,44,70.45,378,2,1,102.3,1,3,8.59,8.48
Josh Allen,QB,22.223,2018-12-30,NFL,BUF,,MIA,W 42-17,16,17,Sun,17,26,65.38,224,3,1,114.9,1,9,8.62,9.19
Garrett Gilbert,QB,27.182,2018-12-30,NFL,CAR,@,NOR,W 33-14,16,17,Sun,2,3,66.67,40,0,0,109.7,1,5,13.33,13.33
Kyle Allen,QB,22.297,2018-12-30,NFL,CAR,@,NOR,W 33-14,16,17,Sun,16,27,59.26,228,2,0,111.3,0,0,8.44,9.93
Mitchell Trubisky,QB,24.132,2018-12-30,NFL,CHI,@,MIN,W 24-10,16,17,Sun,18,26,69.23,163,0,0,85.9,0,0,6.27,6.27
Jeff Driskel,QB,25.251,2018-12-30,NFL,CIN,@,PIT,L 13-16,16,17,Sun,12,24,50.00,95,0,0,60.2,4,24,3.96,3.96
Baker Mayfield,QB,23.260,2018-12-30,NFL,CLE,@,BAL,L 24-26,16,17,Sun,23,42,54.76,376,3,3,79.1,0,0,8.95,7.17
Dak Prescott,QB,25.154,2018-12-30,NFL,DAL,@,NYG,W 36-35,16,17,Sun,27,44,61.36,387,4,0,120.2,4,19,8.80,10.61
Case Keenum,QB,30.316,2018-12-30,NFL,DEN,,LAC,L 9-23,16,17,Sun,31,48,64.58,292,1,1,79.5,1,4,6.08,5.56
Matthew Stafford,QB,30.326,2018-12-30,NFL,DET,@,GNB,W 31-0,16,17,Sun,20,32,62.50,266,2,0,109.6,1,2,8.31,9.56
Matt Prater,K,34.142,2018-12-30,NFL,DET,@,GNB,W 31-0,16,17,Sun,1,1,100.00,8,1,0,139.6,0,0,8.00,28.00
Aaron Rodgers,QB,35.028,2018-12-30,NFL,GNB,,DET,L 0-31,16,17,Sun,3,5,60.00,26,0,0,73.7,1,12,5.20,5.20
DeShone Kizer,QB,22.361,2018-12-30,NFL,GNB,,DET,L 0-31,16,17,Sun,16,35,45.71,132,0,1,44.0,2,17,3.77,2.49
Blake Bortles,QB,26.246,2018-12-30,NFL,JAX,@,HOU,L 3-20,16,17,Sun,15,28,53.57,107,0,1,47.8,3,18,3.82,2.21
Patrick Mahomes,QB,23.104,2018-12-30,NFL,KAN,,OAK,W 35-3,16,17,Sun,14,24,58.33,281,2,1,109.9,0,0,11.71,11.50
Chad Henne,QB,33.181,2018-12-30,NFL,KAN,,OAK,W 35-3,16,17,Sun,2,3,66.67,29,0,0,97.9,0,0,9.67,9.67
Ryan Tannehill,QB,30.156,2018-12-30,NFL,MIA,@,BUF,L 17-42,16,17,Sun,18,31,58.06,147,0,2,43.3,4,24,4.74,1.84
Kenny Stills,WR,26.252,2018-12-30,NFL,MIA,@,BUF,L 17-42,16,17,Sun,1,1,100.00,3,1,0,118.7,0,0,3.00,23.00
Kirk Cousins,QB,30.133,2018-12-30,NFL,MIN,,CHI,L 10-24,16,17,Sun,20,33,60.61,132,1,0,79.4,4,31,4.00,4.61
Teddy Bridgewater,QB,26.050,2018-12-30,NFL,NOR,,CAR,L 14-33,16,17,Sun,14,22,63.64,118,1,1,73.7,2,8,5.36,4.23
Tom Brady,QB,41.149,2018-12-30,NFL,NWE,,NYJ,W 38-3,16,17,Sun,24,33,72.73,250,4,0,133.8,1,6,7.58,10.00
Sam Darnold,QB,21.208,2018-12-30,NFL,NYJ,@,NWE,L 3-38,16,17,Sun,16,28,57.14,167,0,0,74.6,4,32,5.96,5.96
Nate Sudfeld,QB,25.084,2018-12-30,NFL,PHI,@,WAS,W 24-0,16,17,Sun,1,1,100.00,22,1,0,158.3,0,0,22.00,42.00
Nick Foles,QB,29.344,2018-12-30,NFL,PHI,@,WAS,W 24-0,16,17,Sun,28,33,84.85,221,2,1,102.1,3,12,6.70,6.55
Ben Roethlisberger,QB,36.303,2018-12-30,NFL,PIT,,CIN,W 16-13,16,17,Sun,31,45,68.89,287,1,1,84.2,1,9,6.38,5.82
Russell Wilson,QB,30.031,2018-12-30,NFL,SEA,,ARI,W 27-24,16,17,Sun,12,21,57.14,152,1,1,75.9,6,43,7.24,6.05
Nick Mullens,QB,23.284,2018-12-30,NFL,SFO,@,LAR,L 32-48,16,17,Sun,23,33,69.70,282,3,3,88.2,3,18,8.55,6.27
Jameis Winston,QB,24.358,2018-12-30,NFL,TAM,,ATL,L 32-34,16,17,Sun,22,35,62.86,345,4,1,121.7,1,4,9.86,10.86
Tress Way,P,28.256,2018-12-30,NFL,WAS,,PHI,L 0-24,16,17,Sun,1,1,100.00,7,0,0,95.8,0,0,7.00,7.00
Josh Johnson,QB,32.229,2018-12-30,NFL,WAS,,PHI,L 0-24,16,17,Sun,12,27,44.44,91,0,1,37.7,4,30,3.37,1.70
